{
    "loss": 0.5642282962799072,
    "accuracy": 0.8758620619773865
}