{
    "loss": 1.5029650926589966,
    "accuracy": 0.7793103456497192
}